STM_ADC,Temp
998,0
999,3
1000,6
1001,9
1002,12
1003,15
1004,18
1005,21
1006,25
1007,28
1008,31
1009,34
1010,37
1011,40
1012,43
1013,46
1014,50
1015,53
1016,56
1017,59
1018,62
1019,65
1020,68
1021,71
1022,75
1023,78
1024,81
1025,84
1026,87
1027,90
1028,93
1029,96
1030,100
1030,100
1031,103
1032,106
1033,109
1034,112
1035,115
1036,118
1037,121
1038,125
1039,128
1040,131
1041,134
1042,137
1043,140
1044,143
1045,146
1046,150
1047,153
1048,156
1049,159
1050,162
1051,165
1052,168
1053,171
1054,175
1055,178
1056,181
1057,184
1058,187
1059,190
1060,193
1061,196
1062,200
1062,200
1063,203
1064,206
1065,209
1066,212
1067,215
1068,218
1069,221
1070,225
1071,228
1072,231
1073,234
1074,237
1075,240
1076,243
1077,246
1078,250
1079,253
1080,256
1081,259
1082,262
1083,265
1084,268
1085,271
1086,275
1087,278
1088,281
1089,284
1090,287
1091,290
1092,293
1093,296
1094,300
1094,300
1095,303
1096,306
1097,309
1098,312
1099,315
1100,318
1101,321
1102,324
1103,327
1104,330
1105,333
1106,336
1107,339
1108,342
1109,345
1110,348
1111,351
1112,354
1113,357
1114,360
1115,363
1116,366
1117,369
1118,372
1119,375
1120,378
1121,381
1122,384
1123,387
1124,390
1125,393
1126,396
1127,400
1127,400
1128,402
1129,405
1130,408
1131,411
1132,414
1133,417
1134,420
1135,423
1136,426
1137,429
1138,432
1139,435
1140,438
1141,441
1142,444
1143,447
1144,450
1145,452
1146,455
1147,458
1148,461
1149,464
1150,467
1151,470
1152,473
1153,476
1154,479
1155,482
1156,485
1157,488
1158,491
1159,494
1160,497
1161,500
1161,500
1162,503
1163,506
1164,509
1165,512
1166,515
1167,518
1168,521
1169,524
1170,527
1171,530
1172,533
1173,536
1174,539
1175,542
1176,545
1177,548
1178,551
1179,554
1180,557
1181,560
1182,563
1183,566
1184,569
1185,572
1186,575
1187,578
1188,581
1189,584
1190,587
1191,590
1192,593
1193,596
1194,600
1194,600
1195,602
1196,605
1197,608
1198,611
1199,614
1200,617
1201,620
1202,623
1203,626
1204,629
1205,632
1206,635
1207,638
1208,641
1209,644
1210,647
1211,650
1212,652
1213,655
1214,658
1215,661
1216,664
1217,667
1218,670
1219,673
1220,676
1221,679
1222,682
1223,685
1224,688
1225,691
1226,694
1227,697
1228,700
1228,700
1229,702
1230,705
1231,708
1232,711
1233,714
1234,717
1235,720
1236,723
1237,726
1238,729
1239,732
1240,735
1241,738
1242,741
1243,744
1244,747
1245,750
1246,752
1247,755
1248,758
1249,761
1250,764
1251,767
1252,770
1253,773
1254,776
1255,779
1256,782
1257,785
1258,788
1259,791
1260,794
1261,797
1262,800
1262,800
1263,802
1264,805
1265,808
1266,811
1267,814
1268,817
1269,820
1270,823
1271,826
1272,829
1273,832
1274,835
1275,838
1276,841
1277,844
1278,847
1279,850
1280,852
1281,855
1282,858
1283,861
1284,864
1285,867
1286,870
1287,873
1288,876
1289,879
1290,882
1291,885
1292,888
1293,891
1294,894
1295,897
1296,900
1296,900
1297,902
1298,905
1299,908
1300,911
1301,914
1302,917
1303,919
1304,922
1305,925
1306,928
1307,931
1308,934
1309,937
1310,940
1311,942
1312,945
1313,948
1314,951
1315,954
1316,957
1317,960
1318,962
1319,965
1320,968
1321,971
1322,974
1323,977
1324,980
1325,982
1326,985
1327,988
1328,991
1329,994
1330,997
1331,1000
1331,1000
1332,1002
1333,1005
1334,1008
1335,1011
1336,1014
1337,1017
1338,1019
1339,1022
1340,1025
1341,1028
1342,1031
1343,1034
1344,1037
1345,1040
1346,1042
1347,1045
1348,1048
1349,1051
1350,1054
1351,1057
1352,1060
1353,1062
1354,1065
1355,1068
1356,1071
1357,1074
1358,1077
1359,1080
1360,1082
1361,1085
1362,1088
1363,1091
1364,1094
1365,1097
1366,1100
1366,1100
1367,1102
1368,1105
1369,1108
1370,1111
1371,1114
1372,1117
1373,1120
1374,1122
1375,1125
1376,1128
1377,1131
1378,1134
1379,1137
1380,1140
1381,1142
1382,1145
1383,1148
1384,1151
1385,1154
1386,1157
1387,1160
1388,1162
1389,1165
1390,1168
1391,1171
1392,1174
1393,1177
1394,1180
1395,1182
1396,1185
1397,1188
1398,1191
1399,1194
1400,1197
1401,1200
1401,1200
1402,1202
1403,1205
1404,1208
1405,1211
1406,1213
1407,1216
1408,1219
1409,1222
1410,1225
1411,1227
1412,1230
1413,1233
1414,1236
1415,1238
1416,1241
1417,1244
1418,1247
1419,1250
1420,1252
1421,1255
1422,1258
1423,1261
1424,1263
1425,1266
1426,1269
1427,1272
1428,1275
1429,1277
1430,1280
1431,1283
1432,1286
1433,1288
1434,1291
1435,1294
1436,1297
1437,1300
1437,1300
1438,1302
1439,1305
1440,1308
1441,1311
1442,1314
1443,1317
1444,1320
1445,1322
1446,1325
1447,1328
1448,1331
1449,1334
1450,1337
1451,1340
1452,1342
1453,1345
1454,1348
1455,1351
1456,1354
1457,1357
1458,1360
1459,1362
1460,1365
1461,1368
1462,1371
1463,1374
1464,1377
1465,1380
1466,1382
1467,1385
1468,1388
1469,1391
1470,1394
1471,1397
1472,1400
1472,1400
1473,1402
1474,1405
1475,1408
1476,1411
1477,1414
1478,1417
1479,1420
1480,1422
1481,1425
1482,1428
1483,1431
1484,1434
1485,1437
1486,1440
1487,1442
1488,1445
1489,1448
1490,1451
1491,1454
1492,1457
1493,1460
1494,1462
1495,1465
1496,1468
1497,1471
1498,1474
1499,1477
1500,1480
1501,1482
1502,1485
1503,1488
1504,1491
1505,1494
1506,1497
1507,1500
1507,1500
1508,1502
1509,1505
1510,1508
1511,1511
1512,1513
1513,1516
1514,1519
1515,1522
1516,1525
1517,1527
1518,1530
1519,1533
1520,1536
1521,1538
1522,1541
1523,1544
1524,1547
1525,1550
1526,1552
1527,1555
1528,1558
1529,1561
1530,1563
1531,1566
1532,1569
1533,1572
1534,1575
1535,1577
1536,1580
1537,1583
1538,1586
1539,1588
1540,1591
1541,1594
1542,1597
1543,1600
1543,1600
1544,1602
1545,1605
1546,1608
1547,1611
1548,1614
1549,1617
1550,1620
1551,1622
1552,1625
1553,1628
1554,1631
1555,1634
1556,1637
1557,1639
1558,1642
1559,1645
1560,1648
1561,1651
1562,1654
1563,1657
1564,1660
1565,1662
1566,1665
1567,1668
1568,1671
1569,1674
1570,1677
1571,1680
1572,1682
1573,1685
1574,1688
1575,1691
1576,1694
1577,1697
1578,1700
1578,1700
1579,1702
1580,1705
1581,1708
1582,1711
1583,1713
1584,1716
1585,1719
1586,1722
1587,1725
1588,1727
1589,1730
1590,1733
1591,1736
1592,1738
1593,1741
1594,1744
1595,1747
1596,1750
1597,1752
1598,1755
1599,1758
1600,1761
1601,1763
1602,1766
1603,1769
1604,1772
1605,1775
1606,1777
1607,1780
1608,1783
1609,1786
1610,1788
1611,1791
1612,1794
1613,1797
1614,1800
1614,1800
1615,1802
1616,1805
1617,1808
1618,1811
1619,1814
1620,1817
1621,1820
1622,1822
1623,1825
1624,1828
1625,1831
1626,1834
1627,1837
1628,1839
1629,1842
1630,1845
1631,1848
1632,1851
1633,1854
1634,1857
1635,1860
1636,1862
1637,1865
1638,1868
1639,1871
1640,1874
1641,1877
1642,1880
1643,1882
1644,1885
1645,1888
1646,1891
1647,1894
1648,1897
1649,1900
1649,1900
1650,1902
1651,1905
1652,1908
1653,1911
1654,1913
1655,1916
1656,1919
1657,1922
1658,1925
1659,1927
1660,1930
1661,1933
1662,1936
1663,1938
1664,1941
1665,1944
1666,1947
1667,1950
1668,1952
1669,1955
1670,1958
1671,1961
1672,1963
1673,1966
1674,1969
1675,1972
1676,1975
1677,1977
1678,1980
1679,1983
1680,1986
1681,1988
1682,1991
1683,1994
1684,1997
1685,2000
1685,2000
1686,2002
1687,2005
1688,2008
1689,2011
1690,2014
1691,2017
1692,2020
1693,2022
1694,2025
1695,2028
1696,2031
1697,2034
1698,2037
1699,2039
1700,2042
1701,2045
1702,2048
1703,2051
1704,2054
1705,2057
1706,2060
1707,2062
1708,2065
1709,2068
1710,2071
1711,2074
1712,2077
1713,2080
1714,2082
1715,2085
1716,2088
1717,2091
1718,2094
1719,2097
1720,2100
1720,2100
1721,2102
1722,2105
1723,2108
1724,2111
1725,2113
1726,2116
1727,2119
1728,2122
1729,2125
1730,2127
1731,2130
1732,2133
1733,2136
1734,2138
1735,2141
1736,2144
1737,2147
1738,2150
1739,2152
1740,2155
1741,2158
1742,2161
1743,2163
1744,2166
1745,2169
1746,2172
1747,2175
1748,2177
1749,2180
1750,2183
1751,2186
1752,2188
1753,2191
1754,2194
1755,2197
1756,2200
1756,2200
1757,2202
1758,2205
1759,2208
1760,2211
1761,2214
1762,2217
1763,2220
1764,2222
1765,2225
1766,2228
1767,2231
1768,2234
1769,2237
1770,2240
1771,2242
1772,2245
1773,2248
1774,2251
1775,2254
1776,2257
1777,2260
1778,2262
1779,2265
1780,2268
1781,2271
1782,2274
1783,2277
1784,2280
1785,2282
1786,2285
1787,2288
1788,2291
1789,2294
1790,2297
1791,2300
1791,2300
1792,2302
1793,2305
1794,2308
1795,2311
1796,2313
1797,2316
1798,2319
1799,2322
1800,2325
1801,2327
1802,2330
1803,2333
1804,2336
1805,2338
1806,2341
1807,2344
1808,2347
1809,2350
1810,2352
1811,2355
1812,2358
1813,2361
1814,2363
1815,2366
1816,2369
1817,2372
1818,2375
1819,2377
1820,2380
1821,2383
1822,2386
1823,2388
1824,2391
1825,2394
1826,2397
1827,2400
1827,2400
1828,2402
1829,2405
1830,2408
1831,2411
1832,2414
1833,2417
1834,2420
1835,2423
1836,2426
1837,2429
1838,2432
1839,2435
1840,2438
1841,2441
1842,2444
1843,2447
1844,2450
1845,2452
1846,2455
1847,2458
1848,2461
1849,2464
1850,2467
1851,2470
1852,2473
1853,2476
1854,2479
1855,2482
1856,2485
1857,2488
1858,2491
1859,2494
1860,2497
1861,2500
1861,2500
1862,2502
1863,2505
1864,2508
1865,2511
1866,2514
1867,2517
1868,2520
1869,2522
1870,2525
1871,2528
1872,2531
1873,2534
1874,2537
1875,2540
1876,2542
1877,2545
1878,2548
1879,2551
1880,2554
1881,2557
1882,2560
1883,2562
1884,2565
1885,2568
1886,2571
1887,2574
1888,2577
1889,2580
1890,2582
1891,2585
1892,2588
1893,2591
1894,2594
1895,2597
1896,2600
1896,2600
1897,2602
1898,2605
1899,2608
1900,2611
1901,2614
1902,2617
1903,2620
1904,2622
1905,2625
1906,2628
1907,2631
1908,2634
1909,2637
1910,2640
1911,2642
1912,2645
1913,2648
1914,2651
1915,2654
1916,2657
1917,2660
1918,2662
1919,2665
1920,2668
1921,2671
1922,2674
1923,2677
1924,2680
1925,2682
1926,2685
1927,2688
1928,2691
1929,2694
1930,2697
1931,2700
1931,2700
1932,2702
1933,2705
1934,2708
1935,2711
1936,2714
1937,2717
1938,2720
1939,2723
1940,2726
1941,2729
1942,2732
1943,2735
1944,2738
1945,2741
1946,2744
1947,2747
1948,2750
1949,2752
1950,2755
1951,2758
1952,2761
1953,2764
1954,2767
1955,2770
1956,2773
1957,2776
1958,2779
1959,2782
1960,2785
1961,2788
1962,2791
1963,2794
1964,2797
1965,2800
1965,2800
1966,2802
1967,2805
1968,2808
1969,2811
1970,2814
1971,2817
1972,2820
1973,2823
1974,2826
1975,2829
1976,2832
1977,2835
1978,2838
1979,2841
1980,2844
1981,2847
1982,2850
1983,2852
1984,2855
1985,2858
1986,2861
1987,2864
1988,2867
1989,2870
1990,2873
1991,2876
1992,2879
1993,2882
1994,2885
1995,2888
1996,2891
1997,2894
1998,2897
1999,2900
1999,2900
2000,2902
2001,2905
2002,2908
2003,2911
2004,2914
2005,2917
2006,2920
2007,2923
2008,2926
2009,2929
2010,2932
2011,2935
2012,2938
2013,2941
2014,2944
2015,2947
2016,2950
2017,2952
2018,2955
2019,2958
2020,2961
2021,2964
2022,2967
2023,2970
2024,2973
2025,2976
2026,2979
2027,2982
2028,2985
2029,2988
2030,2991
2031,2994
2032,2997
2033,3000
2033,3000
2034,3003
2035,3006
2036,3009
2037,3012
2038,3015
2039,3018
2040,3021
2041,3024
2042,3027
2043,3030
2044,3033
2045,3036
2046,3039
2047,3042
2048,3045
2049,3048
2050,3051
2051,3054
2052,3057
2053,3060
2054,3063
2055,3066
2056,3069
2057,3072
2058,3075
2059,3078
2060,3081
2061,3084
2062,3087
2063,3090
2064,3093
2065,3096
2066,3100
2066,3100
2067,3102
2068,3105
2069,3108
2070,3111
2071,3114
2072,3117
2073,3120
2074,3123
2075,3126
2076,3129
2077,3132
2078,3135
2079,3138
2080,3141
2081,3144
2082,3147
2083,3150
2084,3152
2085,3155
2086,3158
2087,3161
2088,3164
2089,3167
2090,3170
2091,3173
2092,3176
2093,3179
2094,3182
2095,3185
2096,3188
2097,3191
2098,3194
2099,3197
2100,3200
2100,3200
2101,3203
2102,3206
2103,3209
2104,3212
2105,3215
2106,3218
2107,3221
2108,3224
2109,3227
2110,3230
2111,3233
2112,3236
2113,3239
2114,3242
2115,3245
2116,3248
2117,3251
2118,3254
2119,3257
2120,3260
2121,3263
2122,3266
2123,3269
2124,3272
2125,3275
2126,3278
2127,3281
2128,3284
2129,3287
2130,3290
2131,3293
2132,3296
2133,3300
2133,3300
2134,3303
2135,3306
2136,3309
2137,3312
2138,3315
2139,3318
2140,3321
2141,3325
2142,3328
2143,3331
2144,3334
2145,3337
2146,3340
2147,3343
2148,3346
2149,3350
2150,3353
2151,3356
2152,3359
2153,3362
2154,3365
2155,3368
2156,3371
2157,3375
2158,3378
2159,3381
2160,3384
2161,3387
2162,3390
2163,3393
2164,3396
2165,3400
2165,3400
2166,3403
2167,3406
2168,3409
2169,3412
2170,3415
2171,3418
2172,3421
2173,3425
2174,3428
2175,3431
2176,3434
2177,3437
2178,3440
2179,3443
2180,3446
2181,3450
2182,3453
2183,3456
2184,3459
2185,3462
2186,3465
2187,3468
2188,3471
2189,3475
2190,3478
2191,3481
2192,3484
2193,3487
2194,3490
2195,3493
2196,3496
2197,3500
2197,3500
2198,3503
2199,3506
2200,3509
2201,3512
2202,3515
2203,3518
2204,3521
2205,3525
2206,3528
2207,3531
2208,3534
2209,3537
2210,3540
2211,3543
2212,3546
2213,3550
2214,3553
2215,3556
2216,3559
2217,3562
2218,3565
2219,3568
2220,3571
2221,3575
2222,3578
2223,3581
2224,3584
2225,3587
2226,3590
2227,3593
2228,3596
2229,3600
2229,3600
2230,3603
2231,3606
2232,3609
2233,3612
2234,3615
2235,3618
2236,3621
2237,3625
2238,3628
2239,3631
2240,3634
2241,3637
2242,3640
2243,3643
2244,3646
2245,3650
2246,3653
2247,3656
2248,3659
2249,3662
2250,3665
2251,3668
2252,3671
2253,3675
2254,3678
2255,3681
2256,3684
2257,3687
2258,3690
2259,3693
2260,3696
2261,3700
2261,3700
2262,3703
2263,3706
2264,3709
2265,3712
2266,3716
2267,3719
2268,3722
2269,3725
2270,3729
2271,3732
2272,3735
2273,3738
2274,3741
2275,3745
2276,3748
2277,3751
2278,3754
2279,3758
2280,3761
2281,3764
2282,3767
2283,3770
2284,3774
2285,3777
2286,3780
2287,3783
2288,3787
2289,3790
2290,3793
2291,3796
2292,3800
2292,3800
2293,3803
2294,3806
2295,3810
2296,3813
2297,3816
2298,3820
2299,3823
2300,3826
2301,3829
2302,3833
2303,3836
2304,3840
2305,3843
2306,3846
2307,3850
2308,3853
2309,3856
2310,3860
2311,3863
2312,3866
2313,3870
2314,3873
2315,3876
2316,3879
2317,3883
2318,3886
2319,3890
2320,3893
2321,3896
2322,3900
2322,3900
2323,3903
2324,3906
2325,3910
2326,3913
2327,3916
2328,3920
2329,3923
2330,3926
2331,3929
2332,3933
2333,3936
2334,3940
2335,3943
2336,3946
2337,3950
2338,3953
2339,3956
2340,3960
2341,3963
2342,3966
2343,3970
2344,3973
2345,3976
2346,3979
2347,3983
2348,3986
2349,3990
2350,3993
2351,3996
2352,4000
2352,4000
2353,4003
2354,4006
2355,4010
2356,4013
2357,4016
2358,4020
2359,4023
2360,4026
2361,4029
2362,4033
2363,4036
2364,4040
2365,4043
2366,4046
2367,4050
2368,4053
2369,4056
2370,4060
2371,4063
2372,4066
2373,4070
2374,4073
2375,4076
2376,4079
2377,4083
2378,4086
2379,4090
2380,4093
2381,4096
2382,4100
2382,4100
2383,4103
2384,4106
2385,4110
2386,4113
2387,4117
2388,4120
2389,4124
2390,4127
2391,4131
2392,4134
2393,4137
2394,4141
2395,4144
2396,4148
2397,4151
2398,4155
2399,4158
2400,4162
2401,4165
2402,4168
2403,4172
2404,4175
2405,4179
2406,4182
2407,4186
2408,4189
2409,4193
2410,4196
2411,4200
2411,4200
2412,4203
2413,4206
2414,4210
2415,4213
2416,4217
2417,4220
2418,4224
2419,4227
2420,4231
2421,4234
2422,4237
2423,4241
2424,4244
2425,4248
2426,4251
2427,4255
2428,4258
2429,4262
2430,4265
2431,4268
2432,4272
2433,4275
2434,4279
2435,4282
2436,4286
2437,4289
2438,4293
2439,4296
2440,4300
2440,4300
2441,4303
2442,4306
2443,4310
2444,4313
2445,4317
2446,4320
2447,4324
2448,4327
2449,4331
2450,4334
2451,4337
2452,4341
2453,4344
2454,4348
2455,4351
2456,4355
2457,4358
2458,4362
2459,4365
2460,4368
2461,4372
2462,4375
2463,4379
2464,4382
2465,4386
2466,4389
2467,4393
2468,4396
2469,4400
2469,4400
2470,4403
2471,4407
2472,4410
2473,4414
2474,4417
2475,4421
2476,4425
2477,4428
2478,4432
2479,4435
2480,4439
2481,4442
2482,4446
2483,4450
2484,4453
2485,4457
2486,4460
2487,4464
2488,4467
2489,4471
2490,4475
2491,4478
2492,4482
2493,4485
2494,4489
2495,4492
2496,4496
2497,4500
2497,4500
2498,4503
2499,4507
2500,4511
2501,4514
2502,4518
2503,4522
2504,4525
2505,4529
2506,4533
2507,4537
2508,4540
2509,4544
2510,4548
2511,4551
2512,4555
2513,4559
2514,4562
2515,4566
2516,4570
2517,4574
2518,4577
2519,4581
2520,4585
2521,4588
2522,4592
2523,4596
2524,4600
2524,4600
2525,4603
2526,4607
2527,4611
2528,4614
2529,4618
2530,4622
2531,4625
2532,4629
2533,4633
2534,4637
2535,4640
2536,4644
2537,4648
2538,4651
2539,4655
2540,4659
2541,4662
2542,4666
2543,4670
2544,4674
2545,4677
2546,4681
2547,4685
2548,4688
2549,4692
2550,4696
2551,4700
2551,4700
2552,4703
2553,4707
2554,4711
2555,4714
2556,4718
2557,4722
2558,4725
2559,4729
2560,4733
2561,4737
2562,4740
2563,4744
2564,4748
2565,4751
2566,4755
2567,4759
2568,4762
2569,4766
2570,4770
2571,4774
2572,4777
2573,4781
2574,4785
2575,4788
2576,4792
2577,4796
2578,4800
2578,4800
2579,4803
2580,4807
2581,4811
2582,4815
2583,4819
2584,4823
2585,4826
2586,4830
2587,4834
2588,4838
2589,4842
2590,4846
2591,4850
2592,4853
2593,4857
2594,4861
2595,4865
2596,4869
2597,4873
2598,4876
2599,4880
2600,4884
2601,4888
2602,4892
2603,4896
2604,4900
2604,4900
2605,4903
2606,4907
2607,4911
2608,4915
2609,4919
2610,4923
2611,4926
2612,4930
2613,4934
2614,4938
2615,4942
2616,4946
2617,4950
2618,4953
2619,4957
2620,4961
2621,4965
2622,4969
2623,4973
2624,4976
2625,4980
2626,4984
2627,4988
2628,4992
2629,4996
2630,5000
2630,5000
2631,5004
2632,5008
2633,5012
2634,5016
2635,5020
2636,5024
2637,5028
2638,5032
2639,5036
2640,5040
2641,5044
2642,5048
2643,5052
2644,5056
2645,5060
2646,5064
2647,5068
2648,5072
2649,5076
2650,5080
2651,5084
2652,5088
2653,5092
2654,5096
2655,5100
2655,5100
2656,5104
2657,5108
2658,5112
2659,5116
2660,5120
2661,5125
2662,5129
2663,5133
2664,5137
2665,5141
2666,5145
2667,5150
2668,5154
2669,5158
2670,5162
2671,5166
2672,5170
2673,5175
2674,5179
2675,5183
2676,5187
2677,5191
2678,5195
2679,5200
2679,5200
2680,5204
2681,5208
2682,5212
2683,5216
2684,5220
2685,5225
2686,5229
2687,5233
2688,5237
2689,5241
2690,5245
2691,5250
2692,5254
2693,5258
2694,5262
2695,5266
2696,5270
2697,5275
2698,5279
2699,5283
2700,5287
2701,5291
2702,5295
2703,5300
2703,5300
2704,5304
2705,5308
2706,5312
2707,5316
2708,5320
2709,5325
2710,5329
2711,5333
2712,5337
2713,5341
2714,5345
2715,5350
2716,5354
2717,5358
2718,5362
2719,5366
2720,5370
2721,5375
2722,5379
2723,5383
2724,5387
2725,5391
2726,5395
2727,5400
2727,5400
2728,5404
2729,5408
2730,5413
2731,5417
2732,5421
2733,5426
2734,5430
2735,5434
2736,5439
2737,5443
2738,5447
2739,5452
2740,5456
2741,5460
2742,5465
2743,5469
2744,5473
2745,5478
2746,5482
2747,5486
2748,5491
2749,5495
2750,5500
2750,5500
2751,5504
2752,5508
2753,5513
2754,5517
2755,5521
2756,5526
2757,5530
2758,5534
2759,5539
2760,5543
2761,5547
2762,5552
2763,5556
2764,5560
2765,5565
2766,5569
2767,5573
2768,5578
2769,5582
2770,5586
2771,5591
2772,5595
2773,5600
2773,5600
2774,5604
2775,5609
2776,5613
2777,5618
2778,5622
2779,5627
2780,5631
2781,5636
2782,5640
2783,5645
2784,5650
2785,5654
2786,5659
2787,5663
2788,5668
2789,5672
2790,5677
2791,5681
2792,5686
2793,5690
2794,5695
2795,5700
2795,5700
2796,5704
2797,5709
2798,5713
2799,5718
2800,5722
2801,5727
2802,5731
2803,5736
2804,5740
2805,5745
2806,5750
2807,5754
2808,5759
2809,5763
2810,5768
2811,5772
2812,5777
2813,5781
2814,5786
2815,5790
2816,5795
2817,5800
2817,5800
2818,5804
2819,5809
2820,5813
2821,5818
2822,5822
2823,5827
2824,5831
2825,5836
2826,5840
2827,5845
2828,5850
2829,5854
2830,5859
2831,5863
2832,5868
2833,5872
2834,5877
2835,5881
2836,5886
2837,5890
2838,5895
2839,5900
2839,5900
2840,5904
2841,5909
2842,5914
2843,5919
2844,5923
2845,5928
2846,5933
2847,5938
2848,5942
2849,5947
2850,5952
2851,5957
2852,5961
2853,5966
2854,5971
2855,5976
2856,5980
2857,5985
2858,5990
2859,5995
2860,6000
2860,6000
2861,6005
2862,6010
2863,6015
2864,6020
2865,6025
2866,6030
2867,6035
2868,6040
2869,6045
2870,6050
2871,6055
2872,6060
2873,6065
2874,6070
2875,6075
2876,6080
2877,6085
2878,6090
2879,6095
2880,6100
2880,6100
2881,6105
2882,6110
2883,6115
2884,6120
2885,6125
2886,6130
2887,6135
2888,6140
2889,6145
2890,6150
2891,6155
2892,6160
2893,6165
2894,6170
2895,6175
2896,6180
2897,6185
2898,6190
2899,6195
2900,6200
2900,6200
2901,6205
2902,6210
2903,6215
2904,6220
2905,6225
2906,6230
2907,6235
2908,6240
2909,6245
2910,6250
2911,6255
2912,6260
2913,6265
2914,6270
2915,6275
2916,6280
2917,6285
2918,6290
2919,6295
2920,6300
2920,6300
2921,6305
2922,6310
2923,6315
2924,6321
2925,6326
2926,6331
2927,6336
2928,6342
2929,6347
2930,6352
2931,6357
2932,6363
2933,6368
2934,6373
2935,6378
2936,6384
2937,6389
2938,6394
2939,6400
2939,6400
2940,6405
2941,6410
2942,6415
2943,6421
2944,6426
2945,6431
2946,6436
2947,6442
2948,6447
2949,6452
2950,6457
2951,6463
2952,6468
2953,6473
2954,6478
2955,6484
2956,6489
2957,6494
2958,6500
2958,6500
2959,6505
2960,6511
2961,6516
2962,6522
2963,6527
2964,6533
2965,6538
2966,6544
2967,6550
2968,6555
2969,6561
2970,6566
2971,6572
2972,6577
2973,6583
2974,6588
2975,6594
2976,6600
2976,6600
2977,6605
2978,6611
2979,6616
2980,6622
2981,6627
2982,6633
2983,6638
2984,6644
2985,6650
2986,6655
2987,6661
2988,6666
2989,6672
2990,6677
2991,6683
2992,6688
2993,6694
2994,6700
2994,6700
2995,6705
2996,6711
2997,6717
2998,6723
2999,6729
3000,6735
3001,6741
3002,6747
3003,6752
3004,6758
3005,6764
3006,6770
3007,6776
3008,6782
3009,6788
3010,6794
3011,6800
3011,6800
3012,6805
3013,6811
3014,6817
3015,6823
3016,6829
3017,6835
3018,6841
3019,6847
3020,6852
3021,6858
3022,6864
3023,6870
3024,6876
3025,6882
3026,6888
3027,6894
3028,6900
3028,6900
3029,6905
3030,6911
3031,6917
3032,6923
3033,6929
3034,6935
3035,6941
3036,6947
3037,6952
3038,6958
3039,6964
3040,6970
3041,6976
3042,6982
3043,6988
3044,6994
3045,7000
3045,7000
3046,7006
3047,7012
3048,7018
3049,7025
3050,7031
3051,7037
3052,7043
3053,7050
3054,7056
3055,7062
3056,7068
3057,7075
3058,7081
3059,7087
3060,7093
3061,7100
3061,7100
3062,7106
3063,7112
3064,7118
3065,7125
3066,7131
3067,7137
3068,7143
3069,7150
3070,7156
3071,7162
3072,7168
3073,7175
3074,7181
3075,7187
3076,7193
3077,7200
3077,7200
3078,7206
3079,7213
3080,7220
3081,7226
3082,7233
3083,7240
3084,7246
3085,7253
3086,7259
3087,7266
3088,7273
3089,7280
3090,7286
3091,7293
3092,7300
3092,7300
3093,7306
3094,7313
3095,7320
3096,7326
3097,7333
3098,7340
3099,7346
3100,7353
3101,7359
3102,7366
3103,7373
3104,7380
3105,7386
3106,7393
3107,7400
3107,7400
3108,7406
3109,7413
3110,7420
3111,7426
3112,7433
3113,7440
3114,7446
3115,7453
3116,7459
3117,7466
3118,7473
3119,7480
3120,7486
3121,7493
3122,7500
3122,7500
3123,7506
3124,7513
3125,7520
3126,7526
3127,7533
3128,7540
3129,7546
3130,7553
3131,7559
3132,7566
3133,7573
3134,7580
3135,7586
3136,7593
3137,7600
3137,7600
3138,7607
3139,7614
3140,7621
3141,7628
3142,7635
3143,7642
3144,7650
3145,7657
3146,7664
3147,7671
3148,7678
3149,7685
3150,7692
3151,7700
3151,7700
3152,7707
3153,7714
3154,7721
3155,7728
3156,7735
3157,7742
3158,7750
3159,7757
3160,7764
3161,7771
3162,7778
3163,7785
3164,7792
3165,7800
3165,7800
3166,7807
3167,7815
3168,7823
3169,7830
3170,7838
3171,7846
3172,7853
3173,7861
3174,7869
3175,7876
3176,7884
3177,7892
3178,7900
3178,7900
3179,7907
3180,7915
3181,7923
3182,7930
3183,7938
3184,7946
3185,7953
3186,7961
3187,7969
3188,7976
3189,7984
3190,7992
3191,8000
3191,8000
3192,8008
3193,8016
3194,8025
3195,8033
3196,8041
3197,8050
3198,8058
3199,8066
3200,8075
3201,8083
3202,8091
3203,8100
3203,8100
3204,8107
3205,8115
3206,8123
3207,8130
3208,8138
3209,8146
3210,8153
3211,8161
3212,8169
3213,8176
3214,8184
3215,8192
3216,8200
3216,8200
3217,8208
3218,8216
3219,8225
3220,8233
3221,8241
3222,8250
3223,8258
3224,8266
3225,8275
3226,8283
3227,8291
3228,8300
3228,8300
3229,8308
3230,8316
3231,8325
3232,8333
3233,8341
3234,8350
3235,8358
3236,8366
3237,8375
3238,8383
3239,8391
3240,8400
3240,8400
3241,8409
3242,8418
3243,8427
3244,8436
3245,8445
3246,8454
3247,8463
3248,8472
3249,8481
3250,8490
3251,8500
3251,8500
3252,8509
3253,8518
3254,8527
3255,8536
3256,8545
3257,8554
3258,8563
3259,8572
3260,8581
3261,8590
3262,8600
3262,8600
3263,8609
3264,8618
3265,8627
3266,8636
3267,8645
3268,8654
3269,8663
3270,8672
3271,8681
3272,8690
3273,8700
3273,8700
3274,8709
3275,8718
3276,8727
3277,8736
3278,8745
3279,8754
3280,8763
3281,8772
3282,8781
3283,8790
3284,8800
3284,8800
3285,8810
3286,8820
3287,8830
3288,8840
3289,8850
3290,8860
3291,8870
3292,8880
3293,8890
3294,8900
3294,8900
3295,8910
3296,8920
3297,8930
3298,8940
3299,8950
3300,8960
3301,8970
3302,8980
3303,8990
3304,9000
3304,9000
3305,9010
3306,9020
3307,9030
3308,9040
3309,9050
3310,9060
3311,9070
3312,9080
3313,9090
3314,9100
3314,9100
3315,9110
3316,9120
3317,9130
3318,9140
3319,9150
3320,9160
3321,9170
3322,9180
3323,9190
3324,9200
3324,9200
3325,9211
3326,9222
3327,9233
3328,9244
3329,9255
3330,9266
3331,9277
3332,9288
3333,9300
3333,9300
3334,9311
3335,9322
3336,9333
3337,9344
3338,9355
3339,9366
3340,9377
3341,9388
3342,9400
3342,9400
3343,9411
3344,9422
3345,9433
3346,9444
3347,9455
3348,9466
3349,9477
3350,9488
3351,9500
3351,9500
3352,9511
3353,9522
3354,9533
3355,9544
3356,9555
3357,9566
3358,9577
3359,9588
3360,9600
3360,9600
3361,9612
3362,9625
3363,9637
3364,9650
3365,9662
3366,9675
3367,9687
3368,9700
3368,9700
3369,9712
3370,9725
3371,9737
3372,9750
3373,9762
3374,9775
3375,9787
3376,9800
3376,9800
3377,9812
3378,9825
3379,9837
3380,9850
3381,9862
3382,9875
3383,9887
3384,9900
3384,9900
3385,9912
3386,9925
3387,9937
3388,9950
3389,9962
3390,9975
3391,9987
3392,10000
3392,10000
3393,10012
3394,10025
3395,10037
3396,10050
3397,10062
3398,10075
3399,10087
3400,10100
3400,10100
3401,10114
3402,10128
3403,10142
3404,10157
3405,10171
3406,10185
3407,10200
3407,10200
3408,10214
3409,10228
3410,10242
3411,10257
3412,10271
3413,10285
3414,10300
3414,10300
3415,10312
3416,10325
3417,10337
3418,10350
3419,10362
3420,10375
3421,10387
3422,10400
3422,10400
3423,10416
3424,10433
3425,10450
3426,10466
3427,10483
3428,10500
3428,10500
3429,10514
3430,10528
3431,10542
3432,10557
3433,10571
3434,10585
3435,10600
3435,10600
3436,10614
3437,10628
3438,10642
3439,10657
3440,10671
3441,10685
3442,10700
3442,10700
3443,10716
3444,10733
3445,10750
3446,10766
3447,10783
3448,10800
3448,10800
3449,10816
3450,10833
3451,10850
3452,10866
3453,10883
3454,10900
3454,10900
3455,10916
3456,10933
3457,10950
3458,10966
3459,10983
3460,11000
3460,11000
3461,11016
3462,11033
3463,11050
3464,11066
3465,11083
3466,11100
3466,11100
3467,11116
3468,11133
3469,11150
3470,11166
3471,11183
3472,11200
3472,11200
3473,11220
3474,11240
3475,11260
3476,11280
3477,11300
3477,11300
3478,11316
3479,11333
3480,11350
3481,11366
3482,11383
3483,11400
3483,11400
3484,11420
3485,11440
3486,11460
3487,11480
3488,11500
3488,11500
3489,11520
3490,11540
3491,11560
3492,11580
3493,11600
3493,11600
3494,11620
3495,11640
3496,11660
3497,11680
3498,11700
3498,11700
3499,11720
3500,11740
3501,11760
3502,11780
3503,11800
3503,11800
3504,11820
3505,11840
3506,11860
3507,11880
3508,11900
3508,11900
3509,11920
3510,11940
3511,11960
3512,11980
3513,12000
3513,12000
3514,12025
3515,12050
3516,12075
3517,12100
3517,12100
3518,12120
3519,12140
3520,12160
3521,12180
3522,12200
3522,12200
3523,12225
3524,12250
3525,12275
3526,12300
3526,12300
3527,12325
3528,12350
3529,12375
3530,12400
3530,12400
3531,12425
3532,12450
3533,12475
3534,12500
3534,12500
3535,12525
3536,12550
3537,12575
3538,12600
3538,12600
3539,12625
3540,12650
3541,12675
3542,12700
3542,12700
3543,12725
3544,12750
3545,12775
3546,12800
3546,12800
3547,12825
3548,12850
3549,12875
3550,12900
3550,12900
3551,12933
3552,12966
3553,13000
3553,13000
3554,13025
3555,13050
3556,13075
3557,13100
3557,13100
3558,13133
3559,13166
3560,13200
3560,13200
3561,13225
3562,13250
3563,13275
3564,13300
3564,13300
3565,13333
3566,13366
3567,13400
3567,13400
3568,13433
3569,13466
3570,13500
3570,13500
3571,13533
3572,13566
3573,13600
3573,13600
3574,13633
3575,13666
3576,13700
3576,13700
3577,13725
3578,13750
3579,13775
3580,13800
3580,13800
3581,13850
3582,13900
3582,13900
3583,13933
3584,13966
3585,14000
3585,14000
3586,14033
3587,14066
3588,14100
3588,14100
3589,14133
3590,14166
3591,14200
3591,14200
3592,14250
3593,14300
3593,14300
3594,14333
3595,14366
3596,14400
3596,14400
3597,14433
3598,14466
3599,14500
3599,14500
3600,14550
3601,14600
3601,14600
3602,14650
3603,14700
3603,14700
3604,14733
3605,14766
3606,14800
3606,14800
3607,14850
3608,14900
3608,14900
3609,14950
3610,15000
3610,15000
